				<schematicsymbol>
					<schematicsymbolheader>
						<name>"sym_3"</name>
						<originalboundingbox>
							<rectangle>
								<pt> <x>-100</x> <y>50</y></pt>
								<pt> <x>100</x> <y>-50</y></pt></rectangle></originalboundingbox>
					</schematicsymbolheader>
					<figure>
						<path>
							<pointlist>
								<pt> <x>-80</x><y>0</y></pt>
								<pt> <x>-80</x><y>10</y></pt></pointlist>
                           <pattern>-1</pattern><color>74</color><width>76</width>
							<scalable>0</scalable>
							<identifier>0</identifier></path></figure>
					<figure>
						<path>
							<pointlist>
								<pt> <x>80</x><y>0</y></pt>
								<pt> <x>80</x><y>10</y></pt></pointlist>
                           <pattern>-1</pattern><color>74</color><width>76</width>
							<scalable>0</scalable>
							<identifier>0</identifier></path></figure>
					<figure>
								<arc>
									<pt> <x>-60</x> <y>10</y></pt>
									<radius>20</radius>
									<startangle>360</startangle>
									<stopangle>540</stopangle><color>74</color>
									</arc></figure>
					<figure>
								<arc>
									<pt> <x>-20</x> <y>10</y></pt>
									<radius>20</radius>
									<startangle>360</startangle>
									<stopangle>540</stopangle><color>74</color>
									</arc></figure>
					<figure>
								<arc>
									<pt> <x>20</x> <y>10</y></pt>
									<radius>20</radius>
									<startangle>360</startangle>
									<stopangle>540</stopangle><color>74</color>
									</arc></figure>
					<figure>
								<arc>
									<pt> <x>60</x> <y>10</y></pt>
									<radius>20</radius>
									<startangle>360</startangle>
									<stopangle>540</stopangle><color>74</color>
									</arc></figure>
					<figure>
						<path>
							<pointlist>
								<pt> <x>-25</x><y>-26</y></pt>
								<pt> <x>25</x><y>-26</y></pt></pointlist>
                           <pattern>-1</pattern><color>0</color><width>76</width>
							<scalable>0</scalable>
							<identifier>0</identifier></path></figure>
				 <propertydisplay>
                <name>$LOCATION</name>
         		 <value>?</value>
   			 <justification>2</justification>
    			 <color>0</color>
    			 <size>40</size>
   			 <nv>0</nv>
   			 <vv>1</vv>
	    		 <ip>0</ip>
                <slant>0</slant>
                <over>0</over>
                <inv>0</inv>
                <font>0</font>
   			 <transform><origin>
			     <pt>
				 <x>-100</x>
                <y>5</y>
                </pt></origin><rotation>0</rotation>
   			 </transform>
                </propertydisplay>
				 <propertydisplay>
                <name>VALUE</name>
         		 <value>?</value>
   			 <justification>0</justification>
    			 <color>74</color>
    			 <size>40</size>
   			 <nv>0</nv>
   			 <vv>1</vv>
	    		 <ip>0</ip>
                <slant>0</slant>
                <over>0</over>
                <inv>0</inv>
                <font>0</font>
   			 <transform><origin>
			     <pt>
				 <x>100</x>
                <y>5</y>
                </pt></origin><rotation>0</rotation>
   			 </transform>
                </propertydisplay>
				 <propertydisplay>
                <name>PACK_TYPE</name>
         		 <value>?</value>
   			 <justification>2</justification>
    			 <color>74</color>
    			 <size>30</size>
   			 <nv>0</nv>
   			 <vv>1</vv>
	    		 <ip>0</ip>
                <slant>0</slant>
                <over>0</over>
                <inv>0</inv>
                <font>0</font>
   			 <transform><origin>
			     <pt>
				 <x>-25</x>
                <y>-90</y>
                </pt></origin><rotation>0</rotation>
   			 </transform>
                </propertydisplay>
				 <propertydisplay>
                <name>SKU</name>
         		 <value>COMMON</value>
   			 <justification>0</justification>
    			 <color>74</color>
    			 <size>30</size>
   			 <nv>0</nv>
   			 <vv>1</vv>
	    		 <ip>0</ip>
                <slant>0</slant>
                <over>0</over>
                <inv>0</inv>
                <font>0</font>
   			 <transform><origin>
			     <pt>
				 <x>25</x>
                <y>-90</y>
                </pt></origin><rotation>0</rotation>
   			 </transform>
                </propertydisplay>
				 <propertydisplay>
                <name>SELF_RESONANCE_FREQ</name>
         		 <value>?</value>
   			 <justification>0</justification>
    			 <color>0</color>
    			 <size>30</size>
   			 <nv>0</nv>
   			 <vv>0</vv>
	    		 <ip>0</ip>
                <slant>0</slant>
                <over>0</over>
                <inv>0</inv>
                <font>0</font>
   			 <transform><origin>
			     <pt>
				 <x>-99</x>
                <y>-350</y>
                </pt></origin><rotation>0</rotation>
   			 </transform>
                </propertydisplay>
				 <propertydisplay>
                <name>NV_PN</name>
         		 <value>?</value>
   			 <justification>0</justification>
    			 <color>0</color>
    			 <size>19</size>
   			 <nv>0</nv>
   			 <vv>0</vv>
	    		 <ip>0</ip>
                <slant>0</slant>
                <over>0</over>
                <inv>0</inv>
                <font>0</font>
   			 <transform><origin>
			     <pt>
				 <x>-100</x>
                <y>100</y>
                </pt></origin><rotation>0</rotation>
   			 </transform>
                </propertydisplay>
				 <propertydisplay>
                <name>$PLACEMENT_NOTE</name>
         		 <value>?</value>
   			 <justification>0</justification>
    			 <color>0</color>
    			 <size>19</size>
   			 <nv>0</nv>
   			 <vv>0</vv>
	    		 <ip>0</ip>
                <slant>0</slant>
                <over>0</over>
                <inv>0</inv>
                <font>0</font>
   			 <transform><origin>
			     <pt>
				 <x>-100</x>
                <y>275</y>
                </pt></origin><rotation>0</rotation>
   			 </transform>
                </propertydisplay>
				 <propertydisplay>
                <name>$ASSEMBLY</name>
         		 <value>?</value>
   			 <justification>0</justification>
    			 <color>0</color>
    			 <size>19</size>
   			 <nv>0</nv>
   			 <vv>0</vv>
	    		 <ip>0</ip>
                <slant>0</slant>
                <over>0</over>
                <inv>0</inv>
                <font>0</font>
   			 <transform><origin>
			     <pt>
				 <x>-100</x>
                <y>300</y>
                </pt></origin><rotation>0</rotation>
   			 </transform>
                </propertydisplay>
				 <propertydisplay>
                <name>PATH</name>
         		 <value>?</value>
   			 <justification>0</justification>
    			 <color>0</color>
    			 <size>19</size>
   			 <nv>0</nv>
   			 <vv>0</vv>
	    		 <ip>0</ip>
                <slant>0</slant>
                <over>0</over>
                <inv>0</inv>
                <font>0</font>
   			 <transform><origin>
			     <pt>
				 <x>-100</x>
                <y>325</y>
                </pt></origin><rotation>0</rotation>
   			 </transform>
                </propertydisplay>
				 <propertydisplay>
                <name>Q</name>
         		 <value>?</value>
   			 <justification>0</justification>
    			 <color>0</color>
    			 <size>30</size>
   			 <nv>0</nv>
   			 <vv>0</vv>
	    		 <ip>0</ip>
                <slant>0</slant>
                <over>0</over>
                <inv>0</inv>
                <font>0</font>
   			 <transform><origin>
			     <pt>
				 <x>-100</x>
                <y>-200</y>
                </pt></origin><rotation>0</rotation>
   			 </transform>
                </propertydisplay>
				 <propertydisplay>
                <name>TOL</name>
         		 <value>?</value>
   			 <justification>0</justification>
    			 <color>0</color>
    			 <size>30</size>
   			 <nv>0</nv>
   			 <vv>0</vv>
	    		 <ip>0</ip>
                <slant>0</slant>
                <over>0</over>
                <inv>0</inv>
                <font>0</font>
   			 <transform><origin>
			     <pt>
				 <x>-100</x>
                <y>-250</y>
                </pt></origin><rotation>0</rotation>
   			 </transform>
                </propertydisplay>
				 <propertydisplay>
                <name>MAT</name>
         		 <value>?</value>
   			 <justification>0</justification>
    			 <color>0</color>
    			 <size>30</size>
   			 <nv>0</nv>
   			 <vv>0</vv>
	    		 <ip>0</ip>
                <slant>0</slant>
                <over>0</over>
                <inv>0</inv>
                <font>0</font>
   			 <transform><origin>
			     <pt>
				 <x>-100</x>
                <y>-300</y>
                </pt></origin><rotation>0</rotation>
   			 </transform>
                </propertydisplay>
				 <propertydisplay>
                <name>DC_RESISTANCE</name>
         		 <value>?</value>
   			 <justification>0</justification>
    			 <color>0</color>
    			 <size>30</size>
   			 <nv>0</nv>
   			 <vv>0</vv>
	    		 <ip>0</ip>
                <slant>0</slant>
                <over>0</over>
                <inv>0</inv>
                <font>0</font>
   			 <transform><origin>
			     <pt>
				 <x>-100</x>
                <y>-400</y>
                </pt></origin><rotation>0</rotation>
   			 </transform>
                </propertydisplay>
				 <propertydisplay>
                <name>MAX_CURRENT</name>
         		 <value>?</value>
   			 <justification>0</justification>
    			 <color>0</color>
    			 <size>30</size>
   			 <nv>0</nv>
   			 <vv>0</vv>
	    		 <ip>0</ip>
                <slant>0</slant>
                <over>0</over>
                <inv>0</inv>
                <font>0</font>
   			 <transform><origin>
			     <pt>
				 <x>-100</x>
                <y>-450</y>
                </pt></origin><rotation>0</rotation>
   			 </transform>
                </propertydisplay>
				 <propertydisplay>
                <name>CONTINUOUS_CURRENT</name>
         		 <value>?</value>
   			 <justification>0</justification>
    			 <color>0</color>
    			 <size>30</size>
   			 <nv>0</nv>
   			 <vv>0</vv>
	    		 <ip>0</ip>
                <slant>0</slant>
                <over>0</over>
                <inv>0</inv>
                <font>0</font>
   			 <transform><origin>
			     <pt>
				 <x>-100</x>
                <y>-500</y>
                </pt></origin><rotation>0</rotation>
   			 </transform>
                </propertydisplay>
				 <propertydisplay>
                <name>ACOUSTIC_MARGIN</name>
         		 <value>?</value>
   			 <justification>0</justification>
    			 <color>32</color>
    			 <size>47</size>
   			 <nv>0</nv>
   			 <vv>0</vv>
	    		 <ip>0</ip>
                <slant>0</slant>
                <over>0</over>
                <inv>0</inv>
                <font>0</font>
   			 <transform><origin>
			     <pt>
				 <x>0</x>
                <y>0</y>
                </pt></origin><rotation>0</rotation>
   			 </transform>
                </propertydisplay>
				 <propertydisplay>
                <name>IMPLEMENTATION_TYPE</name>
         		 <value>Pspice Model</value>
   			 <justification>2</justification>
    			 <color>32</color>
    			 <size>47</size>
   			 <nv>0</nv>
   			 <vv>0</vv>
	    		 <ip>0</ip>
                <slant>0</slant>
                <over>0</over>
                <inv>0</inv>
                <font>0</font>
   			 <transform><origin>
			     <pt>
				 <x>0</x>
                <y>0</y>
                </pt></origin><rotation>0</rotation>
   			 </transform>
                </propertydisplay>
				 <propertydisplay>
                <name>PSPICETEMPLATE</name>
         		 <value>X</value>
   			 <justification>0</justification>
    			 <color>2</color>
    			 <size>32</size>
   			 <nv>0</nv>
   			 <vv>0</vv>
	    		 <ip>0</ip>
                <slant>0</slant>
                <over>0</over>
                <inv>0</inv>
                <font>0</font>
   			 <transform><origin>
			     <pt>
				 <x>0</x>
                <y>0</y>
                </pt></origin><rotation>0</rotation>
   			 </transform>
                </propertydisplay>
					<schematicsymbolportimplementation>
					<filled>1</filled>
					<size>31</size>
					<stublength>20</stublength>
					<transform>
					<origin>
					<pt> 
					<x>-100</x>
					<y>0</y>
					</pt></origin><rotation>0</rotation></transform>
						<schematicsymbolporttemplateref> <pinshape>Line</pinshape>
						<libraryref>Line</libraryref><scaling>
                       <horizontal>1</horizontal>
                       <vertical>1</vertical>
                       </scaling></schematicsymbolporttemplateref>
						<bubble> <bubbleable>0</bubbleable>
						<defaultstate>0</defaultstate><pointlist>
                       <pt><x>0</x><y>0</y></pt>
                       <pt><x>0</x><y>0</y></pt>
                       </pointlist></bubble>
						<portattributedisplay>
					<portnamedisplay>
					<name>1</name>
					<justification>R</justification>
					<transform>
				    <origin>
		            <pt>
			        <x>-72</x>
					<y>38</y>
			        </pt></origin><rotation>0</rotation></transform>
					</portnamedisplay>
					<figure>
						<path>
							<pointlist>
								<pt> <x>-80</x><y>0</y></pt>
								<pt> <x>-100</x><y>0</y></pt></pointlist>
                           <pattern>-1</pattern><color>74</color><width>76</width>
							<scalable>0</scalable>
							<identifier>0</identifier></path></figure>
				 <portpropertyloc>
                <name>$PN</name>
   			 <offset>
			     <pt>
				 <x>0</x>
                <y>0</y>
                </pt></offset>
                </portpropertyloc>
				 <portpropertydisplay>
                <name>$PN</name>
         		 <value>#</value>
   			 <justification>2</justification>
    			 <color>32</color>
    			 <size>19</size>
   			 <nv>0</nv>
   			 <vv>0</vv>
	    		 <ip>0</ip>
                <slant>0</slant>
                <over>0</over>
                <inv>0</inv>
                <font>0</font>
   			 <transform><origin>
			     <pt>
				 <x>-82</x>
                <y>10</y>
                </pt></origin><rotation>0</rotation>
   			 </transform>
                </portpropertydisplay>
						</portattributedisplay>
					</schematicsymbolportimplementation>
					<schematicsymbolportimplementation>
					<filled>1</filled>
					<size>31</size>
					<stublength>20</stublength>
					<transform>
					<origin>
					<pt> 
					<x>100</x>
					<y>0</y>
					</pt></origin><rotation>0</rotation></transform>
						<schematicsymbolporttemplateref> <pinshape>Line</pinshape>
						<libraryref>Line</libraryref><scaling>
                       <horizontal>1</horizontal>
                       <vertical>1</vertical>
                       </scaling></schematicsymbolporttemplateref>
						<bubble> <bubbleable>0</bubbleable>
						<defaultstate>0</defaultstate><pointlist>
                       <pt><x>0</x><y>0</y></pt>
                       <pt><x>0</x><y>0</y></pt>
                       </pointlist></bubble>
						<portattributedisplay>
					<portnamedisplay>
					<name>2</name>
					<justification>L</justification>
					<transform>
				    <origin>
		            <pt>
			        <x>80</x>
					<y>35</y>
			        </pt></origin><rotation>0</rotation></transform>
					</portnamedisplay>
					<figure>
						<path>
							<pointlist>
								<pt> <x>80</x><y>0</y></pt>
								<pt> <x>100</x><y>0</y></pt></pointlist>
                           <pattern>-1</pattern><color>74</color><width>76</width>
							<scalable>0</scalable>
							<identifier>0</identifier></path></figure>
				 <portpropertyloc>
                <name>$PN</name>
   			 <offset>
			     <pt>
				 <x>0</x>
                <y>0</y>
                </pt></offset>
                </portpropertyloc>
				 <portpropertydisplay>
                <name>$PN</name>
         		 <value>#</value>
   			 <justification>0</justification>
    			 <color>32</color>
    			 <size>19</size>
   			 <nv>0</nv>
   			 <vv>0</vv>
	    		 <ip>0</ip>
                <slant>0</slant>
                <over>0</over>
                <inv>0</inv>
                <font>0</font>
   			 <transform><origin>
			     <pt>
				 <x>82</x>
                <y>10</y>
                </pt></origin><rotation>0</rotation>
   			 </transform>
                </portpropertydisplay>
						</portattributedisplay>
					</schematicsymbolportimplementation>
					<schematicsymbolportimplementation>
					<filled>1</filled>
					<size>31</size>
					<stublength>50</stublength>
					<transform>
					<origin>
					<pt> 
					<x>0</x>
					<y>-50</y>
					</pt></origin><rotation>0</rotation></transform>
						<schematicsymbolporttemplateref> <pinshape> </pinshape>
						<libraryref> </libraryref><scaling>
                       <horizontal>1</horizontal>
                       <vertical>1</vertical>
                       </scaling></schematicsymbolporttemplateref>
						<bubble> <bubbleable>0</bubbleable>
						<defaultstate>0</defaultstate><pointlist>
                       <pt><x>0</x><y>0</y></pt>
                       <pt><x>0</x><y>0</y></pt>
                       </pointlist></bubble>
						<portattributedisplay>
					<portnamedisplay>
					<name>3</name>
					<justification>R</justification>
					<transform>
				    <origin>
		            <pt>
			        <x>-5</x>
					<y>-67</y>
			        </pt></origin><rotation>0</rotation></transform>
					</portnamedisplay>
					<figure>
						<path>
							<pointlist>
								<pt> <x>0</x><y>-30</y></pt>
								<pt> <x>0</x><y>-50</y></pt></pointlist>
                           <pattern>-1</pattern><color>0</color><width>76</width>
							<scalable>0</scalable>
							<identifier>0</identifier></path></figure>
				 <portpropertyloc>
                <name>$PN</name>
   			 <offset>
			     <pt>
				 <x>-100</x>
                <y>-99</y>
                </pt></offset>
                </portpropertyloc>
				 <portpropertydisplay>
                <name>$PN</name>
         		 <value>#</value>
   			 <justification>2</justification>
    			 <color>74</color>
    			 <size>32</size>
   			 <nv>0</nv>
   			 <vv>0</vv>
	    		 <ip>0</ip>
                <slant>0</slant>
                <over>0</over>
                <inv>0</inv>
                <font>0</font>
   			 <transform><origin>
			     <pt>
				 <x>0</x>
                <y>-50</y>
                </pt></origin><rotation>90</rotation>
   			 </transform>
                </portpropertydisplay>
						</portattributedisplay>
					</schematicsymbolportimplementation>
				</schematicsymbol>
